,Max Sharpe Portfolio,Min Volatility Portfolio
ASTRAL.NS,0.10349721340367746,0.3070193511795326
DEEPAKNTR.NS,0.07535582971054586,0.17502665903191345
LTTS.NS,0.07391756773842971,0.16578911765731702
PERSISTENT.NS,0.7026188929914641,0.14979328631470054
TATAELXSI.NS,0.044610496155882945,0.2023715858165364
