,Optimized Portfolio,NIFTY 50
Annual Return,0.3309022138457666,0.11394061069220457
Annual Volatility,0.2812725023257714,0.139603804660667
Sharpe Ratio,0.9453544574997139,0.35056788610571055
