,Annual Return,Annual Volatility
ASTRAL.NS,0.08583058696275213,0.30888147041484576
DEEPAKNTR.NS,0.08919801532556033,0.340250569275307
LTTS.NS,0.0876079109603518,0.3292227514575534
PERSISTENT.NS,0.42996536634441823,0.34613523584857914
TATAELXSI.NS,0.15063368439186026,0.3388563708827069
